<?xml version="1.0"?>
<doc>
    <assembly>
        <name>Plugin.Media</name>
    </assembly>
    <members>
        <member name="T:Plugin.Media.CrossMedia">
            <summary>
            Cross platform Media implemenations
            </summary>
        </member>
        <member name="P:Plugin.Media.CrossMedia.Current">
            <summary>
            Current settings to use
            </summary>
        </member>
        <member name="T:Plugin.Media.MediaImplementation">
            <summary>
            Implementation for Media
            </summary>
        </member>
        <member name="P:Plugin.Media.MediaImplementation.StatusBarStyle">
            <summary>
            Color of the status bar
            </summary>
        </member>
        <member name="M:Plugin.Media.MediaImplementation.Initialize">
            <inheritdoc/>
        </member>
        <member name="M:Plugin.Media.MediaImplementation.#ctor">
            <summary>
            Implementation
            </summary>
        </member>
        <member name="P:Plugin.Media.MediaImplementation.IsCameraAvailable">
            <inheritdoc/>
        </member>
        <member name="P:Plugin.Media.MediaImplementation.IsTakePhotoSupported">
            <inheritdoc/>
        </member>
        <member name="P:Plugin.Media.MediaImplementation.IsPickPhotoSupported">
            <inheritdoc/>
        </member>
        <member name="P:Plugin.Media.MediaImplementation.IsTakeVideoSupported">
            <inheritdoc/>
        </member>
        <member name="P:Plugin.Media.MediaImplementation.IsPickVideoSupported">
            <inheritdoc/>
        </member>
        <member name="M:Plugin.Media.MediaImplementation.PickPhotoAsync(Plugin.Media.Abstractions.PickMediaOptions)">
            <summary>
            Picks a photo from the default gallery
            </summary>
            <returns>Media file or null if canceled</returns>
        </member>
        <member name="M:Plugin.Media.MediaImplementation.TakePhotoAsync(Plugin.Media.Abstractions.StoreCameraMediaOptions)">
            <summary>
            Take a photo async with specified options
            </summary>
            <param name="options">Camera Media Options</param>
            <returns>Media file of photo or null if canceled</returns>
        </member>
        <member name="M:Plugin.Media.MediaImplementation.PickVideoAsync">
            <summary>
            Picks a video from the default gallery
            </summary>
            <returns>Media file of video or null if canceled</returns>
        </member>
        <member name="M:Plugin.Media.MediaImplementation.TakeVideoAsync(Plugin.Media.Abstractions.StoreVideoOptions)">
            <summary>
            Take a video with specified options
            </summary>
            <param name="options">Video Media Options</param>
            <returns>Media file of new video or null if canceled</returns>
        </member>
        <member name="F:Plugin.Media.MediaImplementation.TypeImage">
            <summary>
            image type
            </summary>
        </member>
        <member name="F:Plugin.Media.MediaImplementation.TypeMovie">
            <summary>
            movie type
            </summary>
        </member>
        <member name="T:Plugin.Media.MediaPickerController">
            <summary>
            Media Picker Controller
            </summary>
        </member>
        <member name="P:Plugin.Media.MediaPickerController.Delegate">
            <summary>
            Deleage
            </summary>
        </member>
        <member name="M:Plugin.Media.MediaPickerController.GetResultAsync">
            <summary>
            Gets result of picker
            </summary>
            <returns></returns>
        </member>
        <member name="T:Plugin.Media.UIImageExtensions">
            <summary>
            Static mathods for UIImage
            </summary>
        </member>
        <member name="M:Plugin.Media.UIImageExtensions.ResizeImageWithAspectRatio(UIKit.UIImage,System.Single,System.Single)">
            <summary>
            Resize image to maximum size
            keeping the aspect ratio
            </summary>
        </member>
        <member name="M:Plugin.Media.UIImageExtensions.ResizeImage(UIKit.UIImage,System.Single,System.Single)">
            <summary>
            Resize image, but ignore the aspect ratio
            </summary>
            <param name="sourceImage"></param>
            <param name="width"></param>
            <param name="height"></param>
            <returns></returns>
        </member>
        <member name="M:Plugin.Media.UIImageExtensions.CropImage(UIKit.UIImage,System.Int32,System.Int32,System.Int32,System.Int32)">
            <summary>
            Crop image to specitic size and at specific coordinates
            </summary>
            <param name="sourceImage"></param>
            <param name="crop_x"></param>
            <param name="crop_y"></param>
            <param name="width"></param>
            <param name="height"></param>
            <returns></returns>
        </member>
    </members>
</doc>
